Workbook

Sheet Tracking
B1: FM.030 Expense Tracking Spreadsheet
K3: 2009 | M3: =K3+1 -> 2010 | Y3: =M3 -> 2010 | AA3: =K3+2 -> 2011 | AM3: =AA3 -> 2011 | AO3: =K3+3 -> 2012 | AQ3: =K3+4 -> 2013 | AS3: =K3+5 -> 2014 | AU3: Total
A4: <Project Name> | C4: May | D4: Jun | E4: Jul | F4: Aug | G4: Sept | H4: Oct | I4: Nov | J4: Dec | K4: Total | M4: Jan | N4: Feb | O4: Mar | P4: Apr | Q4: May | R4: Jun | S4: Jul | T4: Aug | U4: Sept | V4: Oct | W4: Nov | X4: Dec | Y4: Total | AA4: Jan | AB4: Feb | AC4: Mar | AD4: Apr | AE4: May | AF4: Jun | AG4: Jul | AH4: Aug | AI4: Sept | AJ4: Oct | AK4: Nov | AL4: Dec | AM4: Total | AO4: Total | AQ4: Total | AS4: Total | AU4: All Years
A5: Expense
A6: 1 | B6: Budget (Plan) | D6: 30 | E6: 30 | F6: 30 | G6: 30 | H6: 20 | I6: 10 | K6: =SUM(C6:J6) -> 150 | Y6: =SUM(M6:X6) -> 0 | AM6: =SUM(AA6:AL6) -> 0 | AO6: 0 | AQ6: 0 | AS6: 0 | AU6: =SUM(+K6+Y6+AM6+AO6+AQ6+AS6) -> 150
A8: 2 | B8: Actual to date | D8: 28 | E8: 27 | K8: =SUM(C8:J8) -> 55 | Y8: =SUM(M8:X8) -> 0 | AM8: =SUM(AA8:AL8) -> 0 | AU8: =SUM(+K8+Y8+AM8+AO8+AQ8+AS8) -> 55
A9: 3 | B9: Estimate to Complete (Outlook) | F9: 30 | G9: 30 | H9: 20 | I9: 10 | K9: =SUM(C9:J9) -> 90 | Y9: =SUM(M9:X9) -> 0 | AM9: =SUM(AA9:AL9) -> 0 | AU9: =SUM(+K9+Y9+AM9+AO9+AQ9+AS9) -> 90
A10: 4 | B10: Estimate at Completion (2+3) | AU10: =+AU8+AU9 -> 145
A12: 5 | B12: Variance at completion (1-4) | AU12: =+AU6-AU10 -> 5

Sheet Metric
A1: Budget Variance Metric
A2: $000 | B2: Budget | C2: Actual | D2: ETC | E2: EAC | F2: VAC
A3: Cummulative Expenses | B3: =+Tracking!AU6 -> 150 | C3: =+Tracking!AU8 -> 55 | D3: =+Tracking!AU9 -> 90 | E3: =+Tracking!AU10 -> 145 | F3: =+Tracking!AU12 -> 5
